<!DOCTYPE html PUBLIC "-//W3C//DTD XHTML 1.0 Strict//EN" "http://www.w3.org/TR/xhtml1/DTD/xhtml1-strict.dtd">
<html xmlns="http://www.w3.org/1999/xhtml" xml:lang="en" lang="en">
<!-- Generated from data/head-home.php, ../../smarty/{head.tpl} -->
<head>
<title>World Wide Web Consortium (W3C)</title>
<meta http-equiv="Content-Type" content="text/html; charset=utf-8" />
<link rel="Help" href="/Help/" />
<link rel="stylesheet" href="/2008/site/css/minimum" type="text/css" media="all" />
<style type="text/css" media="print, screen and (min-width: 481px)">
/*<![CDATA[*/
@import url("/2008/site/css/advanced");
/*]]>*/
</style>
<link href="/2008/site/css/minimum" rel="stylesheet" type="text/css" media="only screen and (max-width: 480px)" />
<meta name="viewport" content="width=device-width" />
<link rel="stylesheet" href="/2008/site/css/print" type="text/css" media="print" />
<link rel="shortcut icon" href="/2008/site/images/favicon.ico" type="image/x-icon" />
<meta name="description" content="The World Wide Web Consortium (W3C) is an international community where Member organizations, a full-time staff, and the public work together to develop Web standards." />
<link rel="alternate" type="application/atom+xml" title="W3C News" href="/blog/news/feed/atom" />
</head>
<body id="www-w3-org" class="w3c_public w3c_home">
<div id="w3c_container">
<!-- Generated from data/mast-home.php, ../../smarty/{mast.tpl} -->
<div id="w3c_mast"><!-- #w3c_mast / Page top header -->
<h1 class="logo"><a tabindex="2" accesskey="1" href="/"><img src="/2008/site/images/logo-w3c-mobile-lg" width="90" height="53" alt="W3C" /></a> <span class="alt-logo">W3C</span></h1>
<div id="w3c_nav">
<form id="region_form" action="http://www.w3.org/Consortium/contact">
<div><select name="region">
<option selected="selected" title="Get Information about W3C By Region">W3C By Region</option>
<option value="all">All</option>
<option value="au">Australia</option>
<option xml:lang="de" lang="de" value="de">&#xD6;sterreich
(Austria)</option>
<option lang="nl" xml:lang="nl" value="nl">Belgi&#xEB;
(Belgium)</option>
<option value="za">Botswana</option>
<option xml:lang="pt-br" value="br" lang="pt-br">Brasil
(Brazil)</option>
<option xml:lang="zh-hans" value="cn" lang="zh-hans">&#x4E2D;&#x56FD;
(China)</option>
<option xml:lang="fi" value="fi" lang="fi">Suomi (Finland)</option>
<option xml:lang="de" value="de" lang="de">Deutschland
(Germany)</option>
<option xml:lang="el" value="gr" lang="el">&#x395;&#x3BB;&#x3BB;&#x3AC;&#x3B4;&#x3B1; (Greece)</option>
<option xml:lang="fr" value="fr" lang="fr">France</option>
<option xml:lang="hu" value="hu" lang="hu">Magyarorsz&#xE1;g
(Hungary)</option>
<option xml:lang="hi" value="in" lang="hi">&#x92D;&#x93E;&#x930;&#x924; (India)</option>
<option xml:lang="ga" lang="ga" value="gb">&#xC9;ire (Ireland)</option>
<option xml:lang="he" value="il" lang="he">&#x5D9;&#x5E9;&#x5E8;&#x5D0;&#x5DC; (Israel)</option>
<option xml:lang="it" value="it" lang="it">Italia (Italy)</option>
<option xml:lang="ja" value="jp" lang="ja">&#x65E5;&#x672C; (Japan)</option>
<option xml:lang="ko" value="kr" lang="ko">&#xD55C;&#xAD6D; (Korea)</option>
<option value="za">Lesotho</option>
<option lang="lb" xml:lang="lb" value="nl">L&#xEB;tzebuerg
(Luxembourg)</option>
<option xml:lang="ar" value="ma" lang="ar">&#x627;&#x644;&#x645;&#x63A;&#x631;&#x628;
(Morocco)</option>
<option value="za">Namibia</option>
<option lang="nl" xml:lang="nl" value="nl">Nederland
(Netherlands)</option>
<option xml:lang="ru" value="ru" lang="ru">&#x420;&#x43E;&#x441;&#x441;&#x438;&#x44F; (Russia)</option>
<option xml:lang="fr" value="sn" lang="fr">S&#xE9;n&#xE9;gal</option>
<option xml:lang="es" value="es" lang="es">Espa&#xF1;a (Spain)</option>
<option value="za">South Africa</option>
<option lang="ss" xml:lang="ss" value="za">Swatini
(Swaziland)</option>
<option xml:lang="sv" value="se" lang="sv">Sverige
(Sweden)</option>
<option value="gb">United Kingdom</option>
</select> <input class="button" type="submit" value="Go" /></div>
</form>
<form action="https://www.w3.org/Help/search" method="get" enctype="application/x-www-form-urlencoded">
<!-- w3c_sec_nav is populated through js -->
<div class="w3c_sec_nav"><!-- --></div>
<ul class="main_nav"><!-- Main navigation menu -->
<li class="first-item"><a href="/standards/">Standards</a></li>
<li><a href="/participate/">Participate</a></li>
<li><a href="/Consortium/membership">Membership</a></li>
<li class="last-item"><a href="/Consortium/">About W3C</a></li>
<li class="search-item">
<div id="search-form"><input tabindex="3" class="text" name="q" value="" title="Search" /> <button id="search-submit" name="search-submit" type="submit"><img class="submit" src="/2008/site/images/search-button" alt="Search" width="21" height="17" /></button></div>
</li>
</ul>
</form>
</div>
</div>
<!-- /end #w3c_mast -->
<div id="w3c_main">
<div id="w3c_logo_shadow" class="w3c_leftCol"><img height="32" alt="" src="/2008/site/images/logo-shadow" /></div>
<div class="w3c_leftCol">
<h2 class="offscreen">Site Navigation</h2>
<h3 class="category"><span class="ribbon"><a href="/TR/">Technical
Reports <img src="/2008/site/images/header-link.gif" alt="Header link" width="13" height="13" class="header-link" /></a></span></h3>
<ul class="theme">
<li><a href="/TR/tr-date-all">By date</a></li>
<li><a href="/TR/tr-groups-all">By group</a></li>
</ul>
<h3 class="category tMargin"><span class="ribbon"><a href="standards">Web and Industry <img src="/2008/site/images/header-link.gif" alt="Header link" width="13" height="13" class="header-link" /></a></span></h3>
<ul class="theme">
<li><a href="auto/">Automotive</a></li>
<li><a href="publishing/">Publishing</a></li>
<li><a href="tv/">Entertainment (TV and Broadcasting)</a></li>
<li><a href="Telco/">Web and Telecommunications</a></li>
<li><a href="2013/data/">Web of Data</a></li>
<li><a href="WoT/">Web of Things</a></li>
<li><a href="Payments/">Web Payments</a></li>
<li><a href="Security">Web Security</a></li>
</ul>
<h3 class="category tMargin"><span class="ribbon"><a href="Consortium/mission.html#principles">Web for All <img src="/2008/site/images/header-link.gif" alt="Header link" width="13" height="13" class="header-link" /></a></span></h3>
<ul class="theme">
<li><a href="/WAI/">Accessibility</a></li>
<li><a href="/International/">Internationalization</a></li>
<li><a title="Popular links to W3C technology information" href="Consortium/siteindex.html#technologies">W3C
A&#xA0;to&#xA0;Z</a></li>
</ul>
<h3 class="category tMargin"><span class="ribbon"><a href="/community/">Community and Business Groups <img src="/2008/site/images/header-link.gif" alt="Header link" width="13" height="13" class="header-link" /></a></span></h3>
<ul class="theme">
<li><a href="/community/groups/">Current Groups</a></li>
<li><a href="/community/groups/proposed/">Proposed Groups</a></li>
</ul>
<h3 class="category tMargin"><span class="ribbon"><a href="Consortium/activities">Working Groups <img src="/2008/site/images/header-link.gif" alt="Header link" width="13" height="13" class="header-link" /></a></span></h3>
<ul class="theme">
<li><a href="/TR/tr-groups-all">Specifications by group</a></li>
<li><a title="Member-only group participant guidebook" href="/Guide/">Participant guidebook</a></li>
</ul>
<h3 class="category tMargin"><span class="ribbon"><a href="participate/">Dev Resources <img src="/2008/site/images/header-link.gif" alt="Header link" width="13" height="13" class="header-link" /></a></span></h3>
<ul class="theme">
<li><a title="W3C Developer Avenue" href="/developers/"><img src="/2015/10/W3C-Developers_Assets/W3C-Developers-Dark.png" width="150" alt="W3C Developers" /></a></li>
<li><a title="MOOCs from W3C on edX" href="https://www.edx.org/school/w3cx"><img src="/2015/04/w3cx-home.png" alt="W3Cx" /></a></li>
<li><a title="W3DevCampus: Online Training for Web Developers" href="http://www.w3devcampus.com/"><img src="/2008/site/images/w3devcampus.png" alt="W3DevCampus" width="150" height="21" /></a></li>
<li><a title="Test the Web Forward: One stop shop for Open Web Platform testing" href="http://testthewebforward.org/"><img src="/2008/site/images/ttwf-dinos.png" alt="Test the Web Forward" width="150" height="34" /></a></li>
<li><a href="participate/">More ways to participate</a></li>
</ul>
<h3 class="category tMargin"><span class="ribbon"><a href="/Member/">Member-only Home <img src="/2008/site/images/header-link.gif" alt="Header link" width="13" height="13" class="header-link" /></a></span></h3>
<ul class="theme">
<li><a href="http://www.w3.org/Consortium/activities">Join a
Group</a></li>
<li><a href="http://www.w3.org/Help/Account/Request/Member">Get
Member Account</a></li>
</ul>
</div>
<div class="w3c_mainCol">
<div id="w3c_crumbs">
<div id="w3c_crumbs_frame">
<p class="bct"><span class="skip"><a tabindex="1" accesskey="2" title="Skip to content (e.g., when browsing via audio)" href="#w3c_most-recently">Skip</a></span></p>
<br /></div>
</div>
<div class="line">
<div class="unit size2on3">
<div class="main-content">
<h2 class="offscreen">News</h2>
<div id="w3c_slideshow"><div id="w3c_most-recently" class="intro hierarchy vevent_list">
   <div class="event w3c_topstory expand_block">
      <div class="headline">
         <h3 class="h4 tPadding0 bPadding0 summary">
            <span class="expand_section">W3C Announces its First Publishing Summit and New Publishing Standards Work</span>
         </h3>
         <p class="date">
            <span class="dtstart published" title="2017-06-19T13:12:19Z"> 19 June 2017 </span> | <a title="Archive: W3C Announces its First Publishing Summit and New Publishing Standards Work" href="https://www.w3.org/blog/news/archives/6400">Archive</a>
         </p>
      </div>
      <div class="description expand_description"><p><a class="imageLink" href="https://www.w3.org/2017/06/media-advisory-publishing.html.en"><img src="https://www.w3.org/2017/01/publishingatw3c.png" alt="publishing at W3C gidget" width="200" /></a>W3C opened today registration for its first ever <a href="https://www.w3.org/publishing/events/summit2017.html">W3C Publishing Summit</a> to be held 9-10 November 2017 in San Francisco, California, co-located with the W3C&#x2019;s Technical Plenary and Advisory Committee meetings (TPAC 2017), and calls for speakers by 15 July 2017. The inaugural W3C Publishing Summit will show how publishers are using today&#x2019;s Web technologies to make publications more effective and workflows more efficient.</p>
<p>W3C launched last week its new <a href="https://www.w3.org/publishing/groups/publ-wg/">Publishing Working Group</a>, just a few months following the combination of IDPF and W3C, with a mission to provide the necessary technologies on the Open Web Platform to make the combination of traditional publishing and the Web complete in terms of accessibility, usability, portability, distribution, archiving, offline access, and reliable cross referencing.</p>
<p>Read the <a href="https://www.w3.org/2017/06/media-advisory-publishing.html.en">Media Advisory</a> and <a href="https://www.w3.org/blog/2017/06/major-milestones-for-publishingw3c/">&#x200E;Blog post</a> to learn about the event and major milestones for Publishing at W3C.</p>
</div>
   </div>
   <div class="event closed expand_block">
      <div class="headline">
         <h3 class="h4 tPadding0 bPadding0 summary">
            <span class="expand_section">W3C Invites Implementations of HTML 5.1 2nd Edition</span>
         </h3>
         <p class="date">
            <span class="dtstart published" title="2017-06-20T10:07:15Z"> 20 June 2017 </span> | <a title="Archive: W3C Invites Implementations of HTML 5.1 2nd Edition" href="https://www.w3.org/blog/news/archives/6402">Archive</a>
         </p>
      </div>
      <div class="description expand_description"><p>The <a href="https://www.w3.org/WebPlatform/WG/">Web Platform Working Group</a> invites implementations of <a href="https://www.w3.org/TR/2017/CR-html51-20170620/">HTML 5.1 2nd Edition</a> Candidate Recommendation. This specification defines the 5th major version, first minor revision of the core language of the World Wide Web: the Hypertext Markup Language (HTML). In this version, new features continue to be introduced to help Web application authors, new elements continue to be introduced based on research into prevailing authoring practices, and special attention continues to be given to defining clear conformance criteria for user agents in an effort to improve interoperability.</p>
</div>
   </div>
   <div class="event closed expand_block">
      <div class="headline">
         <h3 class="h4 tPadding0 bPadding0 summary">
            <span class="expand_section">First Public Working Draft: CSS Overflow Module Level 4</span>
         </h3>
         <p class="date">
            <span class="dtstart published" title="2017-06-13T07:23:31Z"> 13 June 2017 </span> | <a title="Archive: First Public Working Draft: CSS Overflow Module Level 4" href="https://www.w3.org/blog/news/archives/6397">Archive</a>
         </p>
      </div>
      <div class="description expand_description"><p>The <a href="https://www.w3.org/Style/CSS/members">CSS Working Group</a> has published a First Public Working Draft of <a href="https://www.w3.org/TR/2017/WD-css-overflow-4-20170613/">CSS Overflow Module Level 4</a>. This module contains the features of CSS relating to new mechanisms of overflow handling in visual media (e.g., screen or paper). In interactive media, it describes features that allow the overflow from a fixed size container to be handled by pagination (displaying one page at a time). It also describes features, applying to all visual media, that allow the contents of an element to be spread across multiple fragments, allowing the contents to flow across multiple regions or to have different styles for different fragments.</p>
</div>
   </div>
   <div class="event closed expand_block">
      <div class="headline">
         <h3 class="h4 tPadding0 bPadding0 summary">
            <span class="expand_section">XSL Transformations (XSLT) Version 3.0 is now a W3C Recommendation</span>
         </h3>
         <p class="date">
            <span class="dtstart published" title="2017-06-08T15:10:02Z"> 8 June 2017 </span> | <a title="Archive: XSL Transformations (XSLT) Version 3.0 is now a W3C Recommendation" href="https://www.w3.org/blog/news/archives/6377">Archive</a>
         </p>
      </div>
      <div class="description expand_description"><p>The <a href="https://www.w3.org/Style/XSL/">XSLT Working Group</a> has published <a href="https://www.w3.org/TR/2017/REC-xslt-30-20170608/">XSL Transformations (XSLT) Version 3.0</a> as a Recommendation. XSLT 3.0 enables transformations to be performed in streaming mode, where neither the source document nor the result document is ever held in memory in its entirety.</p>
<p>Another important enhancement is provided by XSL packages, to improve the modularity of large stylesheets, allowing stylesheets to be developed from independently-developed components with a high level of software engineering robustness.</p>
<p>XSLT 3.0 is designed to be used in conjunction with XPath 3.0, which offers higher-order functions. It also specifies the map functionality exactly as it is in the XPath 3.1 Recommendation, and implementors may also offer support for other XPath 3.1 additions compared to XPath 3.0, like arrays.</p>
</div>
   </div>
   <div class="event closed expand_block">
      <div class="headline">
         <h3 class="h4 tPadding0 bPadding0 summary">
            <span class="expand_section">Call for Review: Shapes Constraint Language (SHACL) Proposed Recommendation published</span>
         </h3>
         <p class="date">
            <span class="dtstart published" title="2017-06-08T15:02:43Z"> 8 June 2017 </span> | <a title="Archive: Call for Review: Shapes Constraint Language (SHACL) Proposed Recommendation published" href="https://www.w3.org/blog/news/archives/6379">Archive</a>
         </p>
      </div>
      <div class="description expand_description"><p>The <a href="https://www.w3.org/2014/data-shapes/wiki/Main_Page">RDF Data Shapes Working Group</a> has published a Proposed Recommendation of <a href="https://www.w3.org/TR/2017/PR-shacl-20170608/">Shapes Constraint Language (SHACL)</a>. This document defines the SHACL Shapes Constraint Language, a language for validating RDF graphs against a set of conditions. These conditions are provided as shapes and other constructs expressed in the form of an RDF graph. RDF graphs that are used in this manner are called &#x201C;shapes graphs&#x201D; in SHACL and the RDF graphs that are validated against a shapes graph are called &#x201C;data graphs&#x201D;. Such descriptions may be used for a variety of purposes beside validation, including user interface building, code generation and data integration. Comments are welcome through <strong>6 July 2017</strong>.</p>
</div>
   </div>
   <div class="event closed expand_block">
      <div class="headline">
         <h3 class="h4 tPadding0 bPadding0 summary">
            <span class="expand_section">W3C Advisory Committee Elects Advisory Board</span>
         </h3>
         <p class="date">
            <span class="dtstart published" title="2017-06-07T00:19:33Z"> 7 June 2017 </span> | <a title="Archive: W3C Advisory Committee Elects Advisory Board" href="https://www.w3.org/blog/news/archives/6365">Archive</a>
         </p>
      </div>
      <div class="description expand_description"><p>The W3C Advisory Committee has filled four open seats on the <a href="http://www.w3.org/2002/ab/">W3C Advisory Board</a>. Created in 1998, the Advisory Board provides guidance to the Team on issues of strategy, management, legal matters, process, and conflict resolution. Beginning 1 July 2017, the nine Advisory Board participants are Tantek &#xC7;elik (Mozilla), Michael Champion (Microsoft), Virginie Galindo (Gemalto), Jay (Junichi) Kishigami (NTT), Charles McCathie Nevile (Yandex), Natasha Rooney (GSMA), David Singer (Apple), L&#xE9;onie Watson (The Paciello Group) and Judy Zhu (Alibaba). Many thanks to Chris Wilson (Google), whose term ends this month. Read more about the <a href="https://www.w3.org/2002/ab/">Advisory Board</a>.</p>
</div>
   </div>
   <div class="event closed expand_block">
      <div class="headline">
         <h3 class="h4 tPadding0 bPadding0 summary">
            <span class="expand_section">W3C Invites Implementations of Digital Publishing Accessibility API Mappings</span>
         </h3>
         <p class="date">
            <span class="dtstart published" title="2017-06-06T15:33:09Z"> 6 June 2017 </span> | <a title="Archive: W3C Invites Implementations of Digital Publishing Accessibility API Mappings" href="https://www.w3.org/blog/news/archives/6359">Archive</a>
         </p>
      </div>
      <div class="description expand_description"><p><a href="https://www.w3.org/TR/2017/CR-dpub-aam-1.0-20170606/">Digital Publishing Accessibility API Mappings (DPub-AAM)</a> has been published as a Candidate Recommendation by <a href="https://www.w3.org/WAI/ARIA/">Accessible Rich Internet Applications (ARIA) Working Group</a> and is now undergoing implementation finalization and testing. DPub-AAM describes how roles in the <a href="https://www.w3.org/TR/dpub-aria-1.0/">Digital Publishing WAI-ARIA Module 1.0</a> should be exposed to accessibility APIs. Implementation of this specification makes it possible for assistive technologies to provide enhanced navigation among landmarks unique to digitally-published documents, and to identify document-specific features which should be presented to the user, such as crossing a page boundary. These mappings will also be used in part for verifying implementation success of Digital Publishing WAI-ARIA Module 1.0 which is already a Candidate Recommendation. The draft <a href="http://w3c.github.io/test-results/dpub-aam/all.html">implementation report</a> shows the progress of testing. Please send implementation information or comments by 7 July 2017. Read about the <a href="https://www.w3.org/WAI/">Web Accessibility Initiative (WAI)</a>.</p>
</div>
   </div>
   <div class="event closed expand_block">
      <div class="headline">
         <h3 class="h4 tPadding0 bPadding0 summary">
            <span class="expand_section">W3C Invites Implementations of Time Ontology in OWL</span>
         </h3>
         <p class="date">
            <span class="dtstart published" title="2017-06-06T10:21:49Z"> 6 June 2017 </span> | <a title="Archive: W3C Invites Implementations of Time Ontology in OWL" href="https://www.w3.org/blog/news/archives/6346">Archive</a>
         </p>
      </div>
      <div class="description expand_description"><p><a class="imageLink" href="https://www.w3.org/TR/2017/CR-owl-time-20170606/images/IntervalRelations.png"><img src="http://www.w3.org/TR/2017/CR-owl-time-20170606/images/IntervalRelations.png" alt="Thirteen elementary possible relations between time periods" width="100" /></a>The <a href="https://www.w3.org/2015/spatial/">Spatial Data on the Web Working Group</a>&#xA0;invites implementations of <a href="https://www.w3.org/TR/2017/CR-owl-time-20170606/">Time Ontology in OWL</a> Candidate Recommendation. The ontology provides a vocabulary for expressing facts about topological (ordering) relations among instants and intervals, together with information about durations, and about temporal position including date-time information. Time positions and durations may be expressed using either the conventional (Gregorian) calendar and clock, or using another temporal reference system such as Unix-time, geologic time, or different calendars.</p>
</div>
   </div>
</div></div>
<p class="noprint"><span class="more-news"><a href="/blog/news/" title="More News">More news&#x2026;</a> <a title="RSS feed for W3C home page news" href="/blog/news/feed" class="feedlink"><img width="30" height="30" alt="RSS" src="/2008/site/images/icons/rss30" /></a> <a title="Atom feed for W3C home page news" href="/blog/news/feed/atom" class="feedlink"><img width="30" height="30" alt="Atom" src="/2008/site/images/icons/atom30" /></a></span></p>
<div class="w3c_events_talks">
<div class="line">
<div class="unit size1on2">
<div id="w3c_home_talks" class="w3c_upcoming_talks"><div>
<h2 class="category">
    <a title="More Talks&#x2026;" href="/Talks/">
        Talks and Appearances <img src="/2008/site/images/header-link" alt="Header link" width="13" height="13" class="header-link" />
    </a>
</h2>
<p>None. See <a href="/Talks/">full list of W3C Talks and Appearances</a>.</p>
</div></div>
</div>
<div class="unit size1on2 lastUnit">
<div id="w3c_home_upcoming_events" class="w3c_upcoming_events"><h2 class="category"><a title="More Events&#x2026;" href="/participate/eventscal.html">Events <img src="/2008/site/images/header-link" alt="Header link" width="13" height="13" class="header-link" /></a></h2>
  <ul class="vevent_list">
    <li class="vevent">
      <div class="date">
<span class="dtstart"><span class="year">2017</span><span class="mm-dd">-06-26</span></span>
<span class="paren">(</span><span class="dd-mmm">26 JUN</span><span class="paren">)</span>
<span class="date-separator"> &#x2013; </span>
<span class="dtend"><span class="year">2017</span><span class="mm-dd">-06-28</span></span>
<span class="paren">(</span><span class="dd-mmm">28 JUN</span><span class="paren">)</span>
</div>

      <div class="info-wrap">
      <p class="summary">
              <a href="https://www.money2020europe.com/" class="uri url">Money 2020 Europe</a>

      </p>
          <p class="location">Copenhagen, Denmark</p>

         

      </div>
    </li>
    <li class="vevent">
      <div class="date">
<span class="dtstart"><span class="year">2017</span><span class="mm-dd">-07-09</span></span>
<span class="paren">(</span><span class="dd-mmm"> 9 JUL</span><span class="paren">)</span>
<span class="date-separator"> &#x2013; </span>
<span class="dtend"><span class="year">2017</span><span class="mm-dd">-07-13</span></span>
<span class="paren">(</span><span class="dd-mmm">13 JUL</span><span class="paren">)</span>
</div>

      <div class="info-wrap">
      <p class="summary">
              <a href="https://www.w3.org/WoT/IG/wiki/F2F_meeting,_9-13_July_2017,_D%C3%BCsseldorf,_Germany#Registration" class="uri url">Web of Things Interest Group/Working Group Joint Meeting</a>

      </p>
          <p class="location">Dusseldorf, Germany</p>

       <p class="host">RWE/Lemonbeat</p>
  

      </div>
    </li>
    <li class="vevent">
      <div class="date">
<span class="dtstart"><span class="year">2017</span><span class="mm-dd">-07-17</span></span>
<span class="paren">(</span><span class="dd-mmm">17 JUL</span><span class="paren">)</span>
<span class="date-separator"> &#x2013; </span>
<span class="dtend"><span class="year">2017</span><span class="mm-dd">-07-18</span></span>
<span class="paren">(</span><span class="dd-mmm">18 JUL</span><span class="paren">)</span>
</div>

      <div class="info-wrap">
      <p class="summary">
              <a href="https://www.w3.org/2017/dxwg/wiki/Oxford_Attendance_and_logistics" class="uri url">Dataset Exchange Working Group</a>

      </p>
          <p class="location">University of Oxford</p>

       <p class="host">Oxford e-Research Centre</p>
  

      </div>
    </li>
    <li class="vevent">
      <div class="date">
<span class="dtstart"><span class="year">2017</span><span class="mm-dd">-08-01</span></span>
<span class="paren">(</span><span class="dd-mmm"> 1 AUG</span><span class="paren">)</span>
<span class="date-separator"> &#x2013; </span>
<span class="dtend"><span class="year">2017</span><span class="mm-dd">-08-04</span></span>
<span class="paren">(</span><span class="dd-mmm"> 4 AUG</span><span class="paren">)</span>
</div>

      <div class="info-wrap">
      <p class="summary">
              <a href="https://wiki.csswg.org/planning" class="uri url">CSS Working Group Meeting</a>

      </p>
          <p class="location">Paris, France</p>

       <p class="host">Mozilla</p>
  

      </div>
    </li>
    <li class="vevent">
      <div class="date">
<span class="dtstart"><span class="year">2017</span><span class="mm-dd">-10-04</span></span>
<span class="paren">(</span><span class="dd-mmm"> 4 OCT</span><span class="paren">)</span>
<span class="date-separator"> &#x2013; </span>
<span class="dtend"><span class="year">2017</span><span class="mm-dd">-10-05</span></span>
<span class="paren">(</span><span class="dd-mmm"> 5 OCT</span><span class="paren">)</span>
</div>

      <div class="info-wrap">
      <p class="summary">
              <a href="https://www.payexpo.com/europe" class="uri url">PayExpo Europe</a>

      </p>
          <p class="location">EXCEL London, England</p>

         

      </div>
    </li>
    <li class="vevent">
      <div class="date">
<span class="dtstart"><span class="year">2017</span><span class="mm-dd">-10-21</span></span>
<span class="paren">(</span><span class="dd-mmm">21 OCT</span><span class="paren">)</span>
<span class="date-separator"> &#x2013; </span>
<span class="dtend"><span class="year">2017</span><span class="mm-dd">-10-25</span></span>
<span class="paren">(</span><span class="dd-mmm">25 OCT</span><span class="paren">)</span>
</div>

      <div class="info-wrap">
      <p class="summary">
              <a href="https://iswc2017.semanticweb.org/" class="uri url">ISWC 2017</a>

      </p>
          <p class="location">Vienna, Austria</p>

       <p class="host">Vienna University of Economics and Business</p>
  

      </div>
    </li>
    <li class="vevent">
      <div class="date">
<span class="dtstart"><span class="year">2017</span><span class="mm-dd">-10-22</span></span>
<span class="paren">(</span><span class="dd-mmm">22 OCT</span><span class="paren">)</span>
<span class="date-separator"> &#x2013; </span>
<span class="dtend"><span class="year">2017</span><span class="mm-dd">-10-25</span></span>
<span class="paren">(</span><span class="dd-mmm">25 OCT</span><span class="paren">)</span>
</div>

      <div class="info-wrap">
      <p class="summary">
              <a href="http://www.money2020.com/" class="uri url">Money 20/20</a>

      </p>
          <p class="location">Las Vegas, NV, USA</p>

         

      </div>
    </li>
  </ul></div>
</div>
</div>
</div>
<!-- end events talks --></div>
<!-- end main content --></div>
<div class="unit size1on3 lastUnit">
<p class="about">The World Wide Web Consortium (W3C) is an
international community that develops open <a href="/TR/">standards</a> to ensure the long-term growth of the Web.</p>
<p class="about">W3C operates under our <a href="/Consortium/cepc/">Code of Ethics and Professional
Conduct</a>.</p>
<p class="about">Become a <a href="support/">Friend of W3C</a> to
support the <a href="Consortium/mission">W3C mission</a> and free
developer tools.</p>
<!--
    <div id="site_update">
      <h2 class="category">
        <a href="http://www.w3.org/Consortium/Legal/privacy-statement-20140324.html">Privacy Policy Update Planned</a>
      </h2>

      <p>W3C plans to update its site privacy policy shortly after 14 April. No material changes are intended in the <a href="http://www.w3.org/Consortium/Legal/privacy-statement-20140324.html">new privacy policy</a>.</p>
    </div>
-->
<div id="w3c_home_recent_blogs"><h2 class="category">
      <a title="More Blog Entries&#x2026;" href="/blog/">W3C Blog <img src="/2008/site/images/header-link" alt="Header link" width="13" height="13" class="header-link" />
      </a>
   </h2><ul class="hentry_list">
      <li class="hentry">
         <p class="entry-title">
            <a href="https://www.w3.org/blog/2017/06/tim-berners-lee-awarded-2016-acm-a-m-turing-prize/" class="uri url" rel="bookmark">Tim Berners-Lee awarded 2016 ACM A.M. Turing Prize</a>
         </p>
         <p class="date">
            <abbr title="2017-06-22" class="published">22 June 2017</abbr> by <span class="author vcard">
               <a class="fn url" href="http://coraliemercier.wordpress.com/">Coralie Mercier</a>
            </span>
         </p>
      </li>
      <li class="hentry">
         <p class="entry-title">
            <a href="https://www.w3.org/blog/2017/06/major-milestones-for-publishingw3c/" class="uri url" rel="bookmark">Major Milestones for Publishing@W3C</a>
         </p>
         <p class="date">
            <abbr title="2017-06-19" class="published">19 June 2017</abbr> by <span class="author vcard">Bill McCoy</span>
         </p>
      </li>
      <li class="hentry">
         <p class="entry-title">
            <a href="https://www.w3.org/blog/2017/06/rdf-at-scale/" class="uri url" rel="bookmark">Yes RDF is All Well and Good But Does It Scale?</a>
         </p>
         <p class="date">
            <abbr title="2017-06-15" class="published">15 June 2017</abbr> by <span class="author vcard">Phil Archer</span>
         </p>
      </li>
   </ul></div>
<!--
    <div id="w3c_home_video">
      <h2 class="category">
        <a href="/participate/podcastsvideo">Featured Video
            <img src="/2008/site/images/header-link.gif" alt="Header link" width
="13" height="13" class="header-link"/>
        </a>
      </h2>
      <p>Here</p>
    </div>
    -->
<div id="w3c_home_new_jobs">
<h2 class="category"><a href="/Consortium/Recruitment/">Jobs
<img src="/2008/site/images/header-link.gif" alt="Header link" width="13" height="13" class="header-link" /></a></h2>
<!--      <p><a href="/Consortium/Recruitment/">No open positions</a> at this time.</p>-->
<p>Open position for a <a href="/Consortium/Recruitment/#wai-engineer-zh">Web Accessibility
Engineer</a> (China)</p>
</div>
<div id="w3c_home_validators_software">
<h2 class="category"><a href="Status.html">Validators, More
Software <img src="/2008/site/images/header-link.gif" alt="Header link" width="13" height="13" class="header-link" /></a></h2>
<ul>
<li>More validators: <a href="http://validator.w3.org/unicorn/">Unicorn</a>, <a title="HTML and XHTML Validator" href="http://validator.w3.org/">HTML</a>, <a title="CSS Validator" href="http://jigsaw.w3.org/css-validator/">CSS</a></li>
<li><a href="http://www.w3.org/2009/cheatsheet/">W3C
cheatsheet</a></li>
<li><a href="Status.html">More Open Source Software</a></li>
</ul>
</div>
<div id="w3c_home_video">
<h2 class="category"><a href="http://vimeo.com/w3c/buildstandards">Web Standards for the Future
(Video)</a></h2>
<p style="text-align: center"><a href="http://vimeo.com/w3c/buildstandards"><img src="/2014/10/stdvidthumb.png" alt="Thumbnail of Standards Video" /></a></p>
<p>Check out our short video on Web standards!</p>
</div>
<div class="hpmt" id="w3c_home_member_testimonials">
<h2 class="category"><a title="Read all Member testimonials" href="/Consortium/Member/Testimonial/">W3C Member Testimonial <img src="/2008/site/images/header-link" alt="Header link" width="13" height="13" class="header-link" /></a></h2>
<div id="w3c_home_member_testimonials_choice"><p class="tPadding0">
         <a rel="nofollow" href="http://www.samsung.com" class="no-border">
            <img class="media" width="120" height="42" alt="Samsung Electronics Co., Ltd. logo" src="/Consortium/Member/Testimonial/Logo/1128" />
         </a>
      </p><h3>
         <a rel="nofollow" href="http://www.samsung.com">Samsung Electronics Co., Ltd.</a>
      </h3><p>Samsung Electronics Co. Ltd. is a global leader in semiconductor, telecommunication, digital media, and digital convergence technology. Samsung Electronics supports W3C recommendations in our products and continues to the explosion of Web technology in our business. Contact Samsung Electronics Co. Ltd.
</p></div>
</div>
</div>
</div>
<!-- end main col --></div>
</div>
</div>
<!-- Generated from data/footer.php, ../../smarty/{footer-block.tpl} -->
<div id="w3c_footer">
<div id="w3c_footer-inner">
<h2 class="offscreen">Footer Navigation</h2>
<div class="w3c_footer-nav">
<h3>Navigation</h3>
<ul class="footer_top_nav">
<li><a href="/">Home</a></li>
<li><a href="/standards/">Standards</a></li>
<li><a href="/participate/">Participate</a></li>
<li><a href="/Consortium/membership">Membership</a></li>
<li class="last-item"><a href="/Consortium/">About W3C</a></li>
</ul>
</div>
<div class="w3c_footer-nav">
<h3>Contact W3C</h3>
<ul class="footer_bottom_nav">
<li><a href="/Consortium/contact">Contact</a></li>
<li><a accesskey="0" href="/Help/">Help and FAQ</a></li>
<li><a href="/Consortium/sponsor/">Sponsor / Donate</a></li>
<li><a href="/Consortium/siteindex">Site Map</a></li>
<li>
<address id="w3c_signature"><a href="http://lists.w3.org/Archives/Public/site-comments/">Feedback</a></address>
</li>
</ul>
</div>
<div class="w3c_footer-nav">
<h3>W3C Updates</h3>
<ul class="footer_follow_nav">
<li><a href="http://twitter.com/W3C" title="Follow W3C on Twitter"><img src="/2008/site/images/Twitter_bird_logo_2012.svg" alt="Twitter" class="social-icon" height="40" /></a></li>
</ul>
</div>
<!-- #footer address / page signature -->
<p class="copyright">Copyright &#xA9; 2017 W3C <sup>&#xAE;</sup> (<a href="http://www.csail.mit.edu/"><abbr title="Massachusetts Institute of Technology">MIT</abbr></a>, <a href="http://www.ercim.eu/"><abbr title="European Research Consortium for Informatics and Mathematics">ERCIM</abbr></a>,
<a href="http://www.keio.ac.jp/">Keio</a>, <a href="http://ev.buaa.edu.cn/">Beihang</a>) <a href="/Consortium/Legal/ipr-notice">Usage policies apply</a>.</p>
</div>
</div>
<!-- /end #footer -->
<!-- Generated from data/scripts.php, ../../smarty/{scripts.tpl} -->
<div id="w3c_scripts"><script type="text/javascript" src="/2008/site/js/main">
</script></div>
</body>
</html>
